"","x"
"1","abind"
"2","annotate"
"3","AnnotationDbi"
"4","AnnotationHub"
"5","askpass"
"6","assertthat"
"7","av"
"8","backports"
"9","base64enc"
"10","beachmat"
"11","beeswarm"
"12","BH"
"13","Biobase"
"14","BiocFileCache"
"15","BiocGenerics"
"16","BiocManager"
"17","BiocNeighbors"
"18","BiocParallel"
"19","BiocSingular"
"20","BiocVersion"
"21","Biostrings"
"22","bit"
"23","bit64"
"24","bitops"
"25","blob"
"26","brew"
"27","broom"
"28","callr"
"29","car"
"30","carData"
"31","cellranger"
"32","checkmate"
"33","cli"
"34","clipr"
"35","clusterProfiler"
"36","colorspace"
"37","commonmark"
"38","conquer"
"39","corrplot"
"40","covr"
"41","cowplot"
"42","crayon"
"43","crosstalk"
"44","curl"
"45","data.table"
"46","DBI"
"47","dbplyr"
"48","DelayedArray"
"49","DelayedMatrixStats"
"50","desc"
"51","DESeq2"
"52","devtools"
"53","digest"
"54","DO.db"
"55","doParallel"
"56","DOSE"
"57","downloader"
"58","dplyr"
"59","dqrng"
"60","DT"
"61","edgeR"
"62","ellipsis"
"63","enrichplot"
"64","europepmc"
"65","evaluate"
"66","exactRankTests"
"67","ExperimentHub"
"68","fansi"
"69","farver"
"70","fastmap"
"71","fastmatch"
"72","fgsea"
"73","FNN"
"74","forcats"
"75","foreach"
"76","formatR"
"77","Formula"
"78","fs"
"79","futile.logger"
"80","futile.options"
"81","genefilter"
"82","geneplotter"
"83","generics"
"84","GenomeInfoDb"
"85","GenomeInfoDbData"
"86","GenomicAlignments"
"87","GenomicRanges"
"88","ggbeeswarm"
"89","ggforce"
"90","ggplot2"
"91","ggplotify"
"92","ggpubr"
"93","ggraph"
"94","ggrepel"
"95","ggridges"
"96","ggsci"
"97","ggsignif"
"98","gh"
"99","git2r"
"100","glue"
"101","GO.db"
"102","GOSemSim"
"103","graphlayouts"
"104","gridExtra"
"105","gridGraphics"
"106","gtable"
"107","haven"
"108","HDF5Array"
"109","highr"
"110","Hmisc"
"111","hms"
"112","htmlTable"
"113","htmltools"
"114","htmlwidgets"
"115","httpuv"
"116","httr"
"117","igraph"
"118","ini"
"119","interactiveDisplayBase"
"120","IRanges"
"121","irlba"
"122","isoband"
"123","iterators"
"124","jpeg"
"125","jsonlite"
"126","km.ci"
"127","KMsurv"
"128","knitr"
"129","labeling"
"130","lambda.r"
"131","later"
"132","latticeExtra"
"133","lava"
"134","lazyeval"
"135","lifecycle"
"136","limma"
"137","lme4"
"138","locfit"
"139","lubridate"
"140","magrittr"
"141","manipulateWidget"
"142","maptools"
"143","markdown"
"144","MatrixModels"
"145","matrixStats"
"146","maxstat"
"147","memoise"
"148","mime"
"149","miniUI"
"150","minqa"
"151","modelr"
"152","multcomp"
"153","munsell"
"154","mvtnorm"
"155","nCov2019"
"156","nloptr"
"157","numDeriv"
"158","openssl"
"159","openxlsx"
"160","org.Hs.eg.db"
"161","org.Mm.eg.db"
"162","pasilla"
"163","pbkrtest"
"164","pec"
"165","pheatmap"
"166","pillar"
"167","pkgbuild"
"168","pkgconfig"
"169","pkgload"
"170","plogr"
"171","plyr"
"172","png"
"173","polspline"
"174","polyclip"
"175","polynom"
"176","praise"
"177","prettyunits"
"178","processx"
"179","prodlim"
"180","progress"
"181","promises"
"182","ps"
"183","purrr"
"184","quantreg"
"185","qvalue"
"186","R6"
"187","rappdirs"
"188","raster"
"189","rayshader"
"190","rcmdcheck"
"191","RColorBrewer"
"192","Rcpp"
"193","RcppAnnoy"
"194","RcppArmadillo"
"195","RcppEigen"
"196","RcppHNSW"
"197","RcppProgress"
"198","RCurl"
"199","readr"
"200","readxl"
"201","rematch"
"202","rematch2"
"203","remotes"
"204","reprex"
"205","reshape2"
"206","rex"
"207","rgl"
"208","rhdf5"
"209","Rhdf5lib"
"210","Rhtslib"
"211","rio"
"212","rlang"
"213","rmarkdown"
"214","Rmisc"
"215","rms"
"216","roxygen2"
"217","rprojroot"
"218","Rsamtools"
"219","RSpectra"
"220","RSQLite"
"221","rstatix"
"222","rstudioapi"
"223","rsvd"
"224","rtracklayer"
"225","rvcheck"
"226","rversions"
"227","rvest"
"228","S4Vectors"
"229","sandwich"
"230","scales"
"231","scran"
"232","scRNAseq"
"233","selectr"
"234","sessioninfo"
"235","shiny"
"236","SingleCellExperiment"
"237","SingleR"
"238","sitmo"
"239","snow"
"240","sourcetools"
"241","sp"
"242","SparseM"
"243","SQUAREM"
"244","statmod"
"245","stringi"
"246","stringr"
"247","SummarizedExperiment"
"248","survival"
"249","survminer"
"250","survMisc"
"251","sys"
"252","terrainmeshr"
"253","testthat"
"254","TH.data"
"255","tibble"
"256","tidygraph"
"257","tidyr"
"258","tidyselect"
"259","tidyverse"
"260","timereg"
"261","timeROC"
"262","tinytex"
"263","triebeard"
"264","tweenr"
"265","urltools"
"266","usethis"
"267","utf8"
"268","uwot"
"269","vctrs"
"270","vipor"
"271","viridis"
"272","viridisLite"
"273","webshot"
"274","whisker"
"275","withr"
"276","xfun"
"277","XML"
"278","xml2"
"279","xopen"
"280","xtable"
"281","XVector"
"282","yaml"
"283","zip"
"284","zlibbioc"
"285","zoo"
"286","base"
"287","boot"
"288","class"
"289","cluster"
"290","codetools"
"291","compiler"
"292","datasets"
"293","foreign"
"294","graphics"
"295","grDevices"
"296","grid"
"297","KernSmooth"
"298","lattice"
"299","MASS"
"300","Matrix"
"301","methods"
"302","mgcv"
"303","nlme"
"304","nnet"
"305","parallel"
"306","rpart"
"307","spatial"
"308","splines"
"309","stats"
"310","stats4"
"311","survival"
"312","tcltk"
"313","tools"
"314","utils"
